{
    "step": [
        0,
        1,
        2,
        3,
        4,
        5,
        6,
        7,
        8,
        9,
        10,
        11,
        12,
        13,
        14,
        15,
        16,
        17,
        18,
        19,
        20
    ],
    "dataset_size": [
        5,
        6,
        7,
        8,
        9,
        10,
        11,
        12,
        13,
        14,
        15,
        16,
        17,
        18,
        19,
        20,
        21,
        22,
        23,
        24,
        25
    ],
    "test_nll": [
        54116.41269611076,
        54581.15401062869,
        53129.39278229868,
        44669.30131998118,
        37547.6648318611,
        34327.78931975969,
        37851.74932660454,
        28348.2703200834,
        30013.965642588282,
        26591.199783035037,
        31255.800990992342,
        45726.46778967255,
        45489.96870790642,
        28547.51998615298,
        31366.002672788192,
        23447.199253945146,
        22769.90038453132,
        25124.31699373207,
        28802.75801183777,
        25829.428455343157,
        23587.0911192251
    ]
}