{
    "step": [
        0,
        1,
        2,
        3,
        4,
        5,
        6,
        7,
        8,
        9,
        10,
        11,
        12,
        13,
        14,
        15,
        16,
        17,
        18,
        19,
        20
    ],
    "dataset_size": [
        5,
        6,
        7,
        8,
        9,
        10,
        11,
        12,
        13,
        14,
        15,
        16,
        17,
        18,
        19,
        20,
        21,
        22,
        23,
        24,
        25
    ],
    "test_nll": [
        49685.41872931921,
        53964.71028340329,
        52445.10234364384,
        71456.95251879274,
        52121.21852972625,
        50173.29462066591,
        47144.253735528626,
        58171.051965245846,
        55951.92977696538,
        48523.26730524051,
        47073.64263939484,
        66928.30670800355,
        44951.547927505,
        45986.02172741767,
        49302.89418052203,
        48100.682507488804,
        44925.95071874529,
        45703.13082849683,
        42369.201022377136,
        41498.58237038312,
        44864.67475391145
    ]
}