{
    "step": [
        0,
        1,
        2,
        3,
        4,
        5,
        6,
        7,
        8,
        9,
        10,
        11,
        12,
        13,
        14,
        15,
        16,
        17,
        18,
        19,
        20
    ],
    "dataset_size": [
        5,
        6,
        7,
        8,
        9,
        10,
        11,
        12,
        13,
        14,
        15,
        16,
        17,
        18,
        19,
        20,
        21,
        22,
        23,
        24,
        25
    ],
    "test_nll": [
        69628.92410870022,
        51167.28623290802,
        77193.79696787888,
        65668.57353462483,
        51952.615957891714,
        121360.12011005498,
        58940.99954326017,
        54941.65108391912,
        36888.59942986363,
        51889.43297362237,
        43501.71905274585,
        37148.34770657308,
        29182.85380301964,
        36688.04893929442,
        31287.86076432269,
        26187.012889233967,
        25675.259798625386,
        22756.155252868182,
        33717.83851337635,
        24240.21987691137,
        23127.98586303905
    ]
}