{
    "step": [
        0,
        1,
        2,
        3,
        4,
        5,
        6,
        7,
        8,
        9,
        10,
        11,
        12,
        13,
        14,
        15,
        16,
        17,
        18,
        19,
        20
    ],
    "dataset_size": [
        5,
        6,
        7,
        8,
        9,
        10,
        11,
        12,
        13,
        14,
        15,
        16,
        17,
        18,
        19,
        20,
        21,
        22,
        23,
        24,
        25
    ],
    "test_nll": [
        46926.92501655187,
        79287.6561862087,
        41495.503918833616,
        60205.32847664238,
        43341.66073675526,
        47021.06630465923,
        54956.99388122529,
        44318.6022586945,
        31600.500196556073,
        31337.527831445226,
        30579.920749400047,
        25169.76598525422,
        20101.33699736509,
        23099.398292681002,
        19649.924929509052,
        19704.32442518164,
        17829.969513251923,
        21706.199384090138,
        19524.137088767722,
        16941.425707579412,
        15326.610217927559
    ]
}