{
    "step": [
        0,
        1,
        2,
        3,
        4,
        5,
        6,
        7,
        8,
        9,
        10,
        11,
        12,
        13,
        14,
        15,
        16,
        17,
        18,
        19,
        20
    ],
    "dataset_size": [
        5,
        6,
        7,
        8,
        9,
        10,
        11,
        12,
        13,
        14,
        15,
        16,
        17,
        18,
        19,
        20,
        21,
        22,
        23,
        24,
        25
    ],
    "test_nll": [
        72668.40958175239,
        98544.11339722267,
        106311.12881751107,
        64207.63543985301,
        57822.94644895874,
        58249.89724175369,
        47661.58300950644,
        42279.75714257422,
        30726.30666381987,
        27853.26563343845,
        27499.919610891408,
        27932.989745037128,
        24341.712069752677,
        25903.988306901778,
        28686.386315849082,
        22746.604256019622,
        25527.04747818628,
        24634.940877999157,
        21343.85863533036,
        22912.490857590336,
        22376.51634067821
    ]
}