{
    "step": [
        0,
        1,
        2,
        3,
        4,
        5,
        6,
        7,
        8,
        9,
        10,
        11,
        12,
        13,
        14,
        15,
        16,
        17,
        18,
        19,
        20
    ],
    "dataset_size": [
        5,
        6,
        7,
        8,
        9,
        10,
        11,
        12,
        13,
        14,
        15,
        16,
        17,
        18,
        19,
        20,
        21,
        22,
        23,
        24,
        25
    ],
    "test_nll": [
        60841.255196164755,
        51345.343500707,
        36512.322780335184,
        139683.5641785612,
        38637.69384829915,
        27659.551792220744,
        30805.300865032816,
        29521.58087218308,
        23261.05488972216,
        33397.482654922955,
        23925.38300037138,
        29242.979113218924,
        25224.969850196092,
        24586.765295450543,
        24880.941979663676,
        28339.47219513628,
        19772.455390926665,
        23949.803373967083,
        16925.62984660787,
        20705.53352280213,
        25326.39518268528
    ]
}