{
    "step": [
        0,
        1,
        2,
        3,
        4,
        5,
        6,
        7,
        8,
        9,
        10,
        11,
        12,
        13,
        14,
        15,
        16,
        17,
        18,
        19,
        20
    ],
    "dataset_size": [
        5,
        6,
        7,
        8,
        9,
        10,
        11,
        12,
        13,
        14,
        15,
        16,
        17,
        18,
        19,
        20,
        21,
        22,
        23,
        24,
        25
    ],
    "test_nll": [
        60133.240164689545,
        51607.82172491884,
        118928.23274981338,
        47685.18725467584,
        40473.70270925761,
        33296.1302322084,
        32308.347831786075,
        39512.65298845876,
        27850.035567164137,
        121624.782807899,
        28846.127307945946,
        34237.46205582874,
        26567.75583796402,
        32922.2482124196,
        30499.82558264326,
        21802.619530121923,
        28274.78420811438,
        20704.635130963474,
        25592.725464699746,
        25826.158637759287,
        23984.09193942508
    ]
}