{
    "step": [
        0,
        1,
        2,
        3,
        4,
        5,
        6,
        7,
        8,
        9,
        10,
        11,
        12,
        13,
        14,
        15,
        16,
        17,
        18,
        19,
        20
    ],
    "dataset_size": [
        5,
        6,
        7,
        8,
        9,
        10,
        11,
        12,
        13,
        14,
        15,
        16,
        17,
        18,
        19,
        20,
        21,
        22,
        23,
        24,
        25
    ],
    "test_nll": [
        57688.057979232464,
        63669.08298050046,
        71314.86030567132,
        55105.28296041303,
        54657.30041847491,
        44646.91777348202,
        40205.595285601055,
        39491.702844712185,
        37260.232212505434,
        42630.2739534363,
        39592.084544142584,
        44958.392631430375,
        45494.23144159982,
        51109.382015937874,
        51706.87976251999,
        43494.49201628879,
        44196.847456692,
        43185.17638084977,
        43230.50502847896,
        44576.99111822606,
        37826.01839367853
    ]
}