{
    "step": [
        0,
        1,
        2,
        3,
        4,
        5,
        6,
        7,
        8,
        9,
        10,
        11,
        12,
        13,
        14,
        15,
        16,
        17,
        18,
        19,
        20
    ],
    "dataset_size": [
        5,
        6,
        7,
        8,
        9,
        10,
        11,
        12,
        13,
        14,
        15,
        16,
        17,
        18,
        19,
        20,
        21,
        22,
        23,
        24,
        25
    ],
    "test_nll": [
        58061.45417255926,
        55345.71748180255,
        52363.02336452379,
        65108.7416993661,
        52015.020765651105,
        48747.6154806733,
        73907.13418382771,
        35136.779642652546,
        31361.087423739493,
        33751.895769013696,
        29419.00475182305,
        27202.102589224734,
        24643.60605583998,
        19927.693448928138,
        21961.947228488098,
        19829.972699631344,
        25472.00962853271,
        22146.19816218834,
        22806.294834030807,
        24499.496261143315,
        19930.44068456336
    ]
}