{
    "step": [
        0,
        1,
        2,
        3,
        4,
        5,
        6,
        7,
        8,
        9,
        10,
        11,
        12,
        13,
        14,
        15,
        16,
        17,
        18,
        19,
        20
    ],
    "dataset_size": [
        5,
        6,
        7,
        8,
        9,
        10,
        11,
        12,
        13,
        14,
        15,
        16,
        17,
        18,
        19,
        20,
        21,
        22,
        23,
        24,
        25
    ],
    "test_nll": [
        55331.397418985485,
        54834.76369405275,
        48526.008582463975,
        40184.8348515437,
        70742.3077594299,
        37031.60697784292,
        31589.710469133548,
        33530.0229035761,
        30564.636924870425,
        22240.709765929034,
        27783.344430368605,
        24524.227551123906,
        26450.6682284912,
        27392.586728831968,
        55823.17432995985,
        33643.22100364751,
        44738.29482404113,
        26055.01094420978,
        24530.913230828904,
        25828.140251359797,
        28192.535370132326
    ]
}