{
    "step": [
        0,
        1,
        2,
        3,
        4,
        5,
        6,
        7,
        8,
        9,
        10,
        11,
        12,
        13,
        14,
        15,
        16,
        17,
        18,
        19,
        20
    ],
    "dataset_size": [
        5,
        6,
        7,
        8,
        9,
        10,
        11,
        12,
        13,
        14,
        15,
        16,
        17,
        18,
        19,
        20,
        21,
        22,
        23,
        24,
        25
    ],
    "test_nll": [
        68401.41739121564,
        57877.044082016146,
        67130.3779846835,
        60164.978335521424,
        47027.714650237605,
        40296.36470194965,
        42165.429464909146,
        38685.55121029189,
        39877.022300259356,
        38329.261918418866,
        47278.202630072796,
        34346.75179320291,
        28794.071561706216,
        28820.077891937406,
        27422.29611922096,
        27971.069737843918,
        28996.89477703349,
        26285.13796950662,
        34867.0494626862,
        23287.741850237908,
        25787.167651659627
    ]
}