{
    "step": [
        0,
        1,
        2,
        3,
        4,
        5,
        6,
        7,
        8,
        9,
        10,
        11,
        12,
        13,
        14,
        15,
        16,
        17,
        18,
        19,
        20
    ],
    "dataset_size": [
        5,
        6,
        7,
        8,
        9,
        10,
        11,
        12,
        13,
        14,
        15,
        16,
        17,
        18,
        19,
        20,
        21,
        22,
        23,
        24,
        25
    ],
    "test_nll": [
        48555.23993259019,
        56766.28675815822,
        54749.2127357209,
        63912.76054263584,
        30086.44300034493,
        29911.548426887035,
        61906.57605118521,
        48179.28921006773,
        30864.575315625272,
        36351.6353354544,
        26290.6836513705,
        33222.68443631417,
        29102.488207868515,
        28220.393063417054,
        32757.637149046925,
        27802.16274446987,
        25643.783083300685,
        33903.84353946495,
        72854.178511706,
        47509.29855170704,
        32778.85823246633
    ]
}