{
    "step": [
        0,
        1,
        2,
        3,
        4,
        5,
        6,
        7,
        8,
        9,
        10,
        11,
        12,
        13,
        14,
        15,
        16,
        17,
        18,
        19,
        20
    ],
    "dataset_size": [
        5,
        6,
        7,
        8,
        9,
        10,
        11,
        12,
        13,
        14,
        15,
        16,
        17,
        18,
        19,
        20,
        21,
        22,
        23,
        24,
        25
    ],
    "test_nll": [
        50541.85696281509,
        56249.05976329002,
        39416.59476106884,
        33894.28515961688,
        35036.85753414863,
        32217.745742036364,
        33971.06393731142,
        49952.933181730434,
        32059.85237152904,
        34870.013346975284,
        28585.126866813232,
        33371.21071003201,
        26262.61001616257,
        25775.192505809246,
        27147.720899814944,
        24822.35326815065,
        32046.294795182057,
        31715.05517291908,
        24564.818106002334,
        24259.45680269772,
        31714.24073854772
    ]
}