{
    "step": [
        0,
        1,
        2,
        3,
        4,
        5,
        6,
        7,
        8,
        9,
        10,
        11,
        12,
        13,
        14,
        15,
        16,
        17,
        18,
        19,
        20
    ],
    "dataset_size": [
        5,
        6,
        7,
        8,
        9,
        10,
        11,
        12,
        13,
        14,
        15,
        16,
        17,
        18,
        19,
        20,
        21,
        22,
        23,
        24,
        25
    ],
    "test_nll": [
        57375.558900683856,
        50652.483498057794,
        48825.12357401531,
        30305.260238677227,
        24500.220319704415,
        25080.85374974424,
        23017.620570226227,
        23021.943601189098,
        19140.446388499724,
        20812.54036191463,
        22679.39046335411,
        27415.126361280945,
        22160.05374538923,
        18078.934896194332,
        17549.064867838846,
        14483.16624999266,
        15426.720176207882,
        15256.155652478834,
        13038.598887843518,
        14979.415729078604,
        13546.395668922865
    ]
}