{
    "step": [
        0,
        1,
        2,
        3,
        4,
        5,
        6,
        7,
        8,
        9,
        10,
        11,
        12,
        13,
        14,
        15,
        16,
        17,
        18,
        19,
        20
    ],
    "dataset_size": [
        5,
        6,
        7,
        8,
        9,
        10,
        11,
        12,
        13,
        14,
        15,
        16,
        17,
        18,
        19,
        20,
        21,
        22,
        23,
        24,
        25
    ],
    "test_nll": [
        63039.075160989545,
        51311.149133105,
        69095.42794408172,
        67850.14650631798,
        48182.7113478104,
        46029.15372258326,
        53240.69853051051,
        51843.4537753464,
        73487.414979166,
        41552.743643303984,
        35770.33694375987,
        34894.63241906045,
        30877.6343359323,
        28686.578791196036,
        33542.65140516481,
        38684.715302680575,
        35486.48614445685,
        28087.116438599067,
        58782.22861001583,
        44386.25963660577,
        36226.77807948899
    ]
}