{
    "step": [
        0,
        1,
        2,
        3,
        4,
        5,
        6,
        7,
        8,
        9,
        10,
        11,
        12,
        13,
        14,
        15,
        16,
        17,
        18,
        19,
        20
    ],
    "dataset_size": [
        5,
        6,
        7,
        8,
        9,
        10,
        11,
        12,
        13,
        14,
        15,
        16,
        17,
        18,
        19,
        20,
        21,
        22,
        23,
        24,
        25
    ],
    "test_nll": [
        71050.97841275619,
        50790.60296148886,
        47916.03550577805,
        52485.93913640152,
        48382.77935422384,
        35583.66549392266,
        32935.546801624296,
        34408.4533033382,
        34675.325605012935,
        26374.369881075123,
        39476.40150352889,
        33030.91122849578,
        27540.52406493172,
        33210.2560644872,
        28543.52260262937,
        26938.499805692813,
        30240.377475408768,
        27552.29141890286,
        27092.90297242479,
        28433.28000628624,
        29485.463147700022
    ]
}