{
    "step": [
        0,
        1,
        2,
        3,
        4,
        5,
        6,
        7,
        8,
        9,
        10,
        11,
        12,
        13,
        14,
        15,
        16,
        17,
        18,
        19,
        20
    ],
    "dataset_size": [
        5,
        6,
        7,
        8,
        9,
        10,
        11,
        12,
        13,
        14,
        15,
        16,
        17,
        18,
        19,
        20,
        21,
        22,
        23,
        24,
        25
    ],
    "test_nll": [
        58064.36780011625,
        54212.70514811785,
        53568.348993337124,
        53162.02494574976,
        50643.671548932456,
        59577.151084997764,
        43725.52930556777,
        30867.265842817338,
        39576.94234769019,
        38933.67891429716,
        25737.010163328567,
        31834.963072424045,
        29976.89195544439,
        21808.335296320132,
        20951.250486463858,
        25263.136525045466,
        21442.937802225762,
        26407.336633172174,
        27693.57060398044,
        19993.13436170735,
        34265.99397281067
    ]
}