{
    "step": [
        0,
        1,
        2,
        3,
        4,
        5,
        6,
        7,
        8,
        9,
        10,
        11,
        12,
        13,
        14,
        15,
        16,
        17,
        18,
        19,
        20
    ],
    "dataset_size": [
        5,
        6,
        7,
        8,
        9,
        10,
        11,
        12,
        13,
        14,
        15,
        16,
        17,
        18,
        19,
        20,
        21,
        22,
        23,
        24,
        25
    ],
    "test_nll": [
        66579.18035288884,
        65246.72193227593,
        60326.59205027413,
        48733.854911648195,
        45066.5962238401,
        39471.740642587625,
        31633.96253365366,
        37714.848901602876,
        35933.67050493728,
        30849.143414279628,
        30258.098367092145,
        32196.02786225155,
        33106.2930791472,
        27978.16954522076,
        33009.82706660632,
        37429.79930590172,
        35476.70044995408,
        32968.580729036206,
        24330.326494408495,
        25339.69918430794,
        22822.258813809443
    ]
}