{
    "step": [
        0,
        1,
        2,
        3,
        4,
        5,
        6,
        7,
        8,
        9,
        10,
        11,
        12,
        13,
        14,
        15,
        16,
        17,
        18,
        19,
        20
    ],
    "dataset_size": [
        5,
        6,
        7,
        8,
        9,
        10,
        11,
        12,
        13,
        14,
        15,
        16,
        17,
        18,
        19,
        20,
        21,
        22,
        23,
        24,
        25
    ],
    "test_nll": [
        58206.86418689877,
        57740.09800607485,
        41122.73779058364,
        26499.177939382153,
        26883.709315053224,
        36169.41738506667,
        27759.50884860017,
        27416.443435104098,
        27174.05934736198,
        22614.584650739667,
        29427.698961097645,
        29651.587232881106,
        25750.781576755922,
        28269.84117514201,
        24278.47543208363,
        33400.67538296632,
        33076.68783457917,
        25274.059737054045,
        25014.559364900986,
        40283.00200766956,
        38569.19788872636
    ]
}