{
    "step": [
        0,
        1,
        2,
        3,
        4,
        5,
        6,
        7,
        8,
        9,
        10,
        11,
        12,
        13,
        14,
        15,
        16,
        17,
        18,
        19,
        20
    ],
    "dataset_size": [
        5,
        6,
        7,
        8,
        9,
        10,
        11,
        12,
        13,
        14,
        15,
        16,
        17,
        18,
        19,
        20,
        21,
        22,
        23,
        24,
        25
    ],
    "test_nll": [
        78627.78701394256,
        82770.10114910081,
        63392.3693104867,
        125742.48663031537,
        102590.24210272389,
        78562.36056986311,
        64386.88119835153,
        62966.68159130414,
        54512.723340373974,
        74239.65245080953,
        70063.62336745554,
        59607.055092232906,
        65352.4212768905,
        47028.67740510902,
        35814.50925474562,
        32954.45022392758,
        56656.454821472464,
        29856.35258512616,
        37710.68066627582,
        32203.288140460892,
        28138.496298874576
    ]
}